{"cameraMode":{"drawMode":0,"name":"Shaded","section":"Shading Mode"},"sceneLighting":true,"audioPlay":false,"sceneViewState":{"showFog":true,"showMaterialUpdate":true,"showSkybox":true,"showFlares":true,"showImageEffects":true,"showParticleSystems":true},"in2DMode":false,"pivot":{"x":-6.369999885559082,"y":-0.09000003337860108,"z":0.008284643292427063},"rotation":{"x":-0.0004982221289537847,"y":0.9983205199241638,"z":-0.0572766549885273,"w":-0.008684639818966389},"size":8.761613845825196,"orthographic":false}